"FAC","Hospital_Name","URL","Name","Title","Source"
"933","WINDSOR REGIONAL HOSPITAL","https://www.wrh.on.ca/ExecutiveCommittee","Karen Riddell","President & Chief Executive Officer","manual_entry_required"
"933","WINDSOR REGIONAL HOSPITAL","https://www.wrh.on.ca/ExecutiveCommittee","Nicole Krywionek","Chief Nursing Executive and Vice President of Critical Care, Cardiology, Diagnostic Imaging, Respiratory Therapy, Patient Relations, Corporate Education and Training, and Professional Practice","manual_entry_required"
"933","WINDSOR REGIONAL HOSPITAL","https://www.wrh.on.ca/ExecutiveCommittee","Dr. Wassim Saad","Vice President of Medical Affairs and Chief of Staff","manual_entry_required"
"933","WINDSOR REGIONAL HOSPITAL","https://www.wrh.on.ca/ExecutiveCommittee","Brandon Bailey","Vice President of Redevelopment","manual_entry_required"
"933","WINDSOR REGIONAL HOSPITAL","https://www.wrh.on.ca/ExecutiveCommittee","Todd Bested","Vice President of People & Culture","manual_entry_required"
"933","WINDSOR REGIONAL HOSPITAL","https://www.wrh.on.ca/ExecutiveCommittee","Kristi Cecile","Vice President of Medicine, Stroke Program, Access & Patient Flow, Allied Health, Pharmacy, IPAC and HIV Care Program","manual_entry_required"
"933","WINDSOR REGIONAL HOSPITAL","https://www.wrh.on.ca/ExecutiveCommittee","Jonathan Foster","Vice President of Emergency, Trauma, Mental Health, Cancer Services & Renal","manual_entry_required"
"933","WINDSOR REGIONAL HOSPITAL","https://www.wrh.on.ca/ExecutiveCommittee","Malissa Gauthier","Vice President of Corporate and Laboratory Services & Chief Financial Officer","manual_entry_required"
"933","WINDSOR REGIONAL HOSPITAL","https://www.wrh.on.ca/ExecutiveCommittee","Kelly Heron","Vice President of Women and Children, Inpatient Surgery, Peri-Operative and Ambulatory Surgical Services","manual_entry_required"
"933","WINDSOR REGIONAL HOSPITAL","https://www.wrh.on.ca/ExecutiveCommittee","Margo Reilly","Executive Director of the Windsor Family Health Team","manual_entry_required"
"826","KENORA LAKE OF THE WOODS","http://www.lwdh.on.ca/index.php/programs-and-services/administration.html","Cheryl O'Flaherty","President and Chief Executive Officer","manual_entry_required"
"826","KENORA LAKE OF THE WOODS","http://www.lwdh.on.ca/index.php/programs-and-services/administration.html","Gillian Nattress","Vice President Patient Services and Chief Nursing Officer","manual_entry_required"
"826","KENORA LAKE OF THE WOODS","http://www.lwdh.on.ca/index.php/programs-and-services/administration.html","Alison Wesley-James","VP Operations and Capital Planning","manual_entry_required"
"826","KENORA LAKE OF THE WOODS","http://www.lwdh.on.ca/index.php/programs-and-services/administration.html","Dr. Sean Moore,","Chief of Staff","manual_entry_required"
"826","KENORA LAKE OF THE WOODS","http://www.lwdh.on.ca/index.php/programs-and-services/administration.html","Dr. Meghan Olson","President of Medical Staff","manual_entry_required"
"826","KENORA LAKE OF THE WOODS","http://www.lwdh.on.ca/index.php/programs-and-services/administration.html","Dr. Jossie Sweat Cosentino","Vice President of Medical Staff","manual_entry_required"
"719","MANITOUWADGE SANTE MANITOUWADGE","https://www.mh.on.ca/organizationalstructure","Annie Janveau","President and CEO","manual_entry_required"
"719","MANITOUWADGE SANTE MANITOUWADGE","https://www.mh.on.ca/organizationalstructure","Megan Esarte","Chief Nursing Officer/Director of Clinical Services","manual_entry_required"
"719","MANITOUWADGE SANTE MANITOUWADGE","https://www.mh.on.ca/organizationalstructure","Trena Roberts","Director of Community Services and Programs","manual_entry_required"
"719","MANITOUWADGE SANTE MANITOUWADGE","https://www.mh.on.ca/organizationalstructure","Amy Gray","Director of Finance","manual_entry_required"
"719","MANITOUWADGE SANTE MANITOUWADGE","https://www.mh.on.ca/organizationalstructure","Teresa Malakoff","Support Services Manager/Privacy Officer","manual_entry_required"
"714","LONDON ST JOSEPHS","https://www.sjhc.london.on.ca/about-us/about-st-josephs-health-care-london/leadership-team","Roy Butler","President and CEO","manual_entry_required"
"709","Listowel Wingham LISTOWEL MEMORIAL","https://lwha.ca/about/board/","Esther Millar","CEO","manual_entry_required"
"651","OTTAWA ROYAL OTTAWA (PSYCH)","https://www.theroyal.ca/about-royal/leadership/senior-leadership-team","Cara Vaccarino","President and CEO","manual_entry_required"
"651","OTTAWA ROYAL OTTAWA (PSYCH)","https://www.theroyal.ca/about-royal/leadership/senior-leadership-team","Dr. Benoît Mulsant","Interim Psychiatrist-in-Chief and Chief of Staff","manual_entry_required"
"651","OTTAWA ROYAL OTTAWA (PSYCH)","https://www.theroyal.ca/about-royal/leadership/senior-leadership-team","Nyranne Martin","Chief Operating Officer","manual_entry_required"
"651","OTTAWA ROYAL OTTAWA (PSYCH)","https://www.theroyal.ca/about-royal/leadership/senior-leadership-team","Dr. Florence Dzierszinski","President & CEO, IMHR and VP of Research at The Royal","manual_entry_required"
"651","OTTAWA ROYAL OTTAWA (PSYCH)","https://www.theroyal.ca/about-royal/leadership/senior-leadership-team","Chris Ide","President & CEO, Foundation and VP, Brand & Marketing","manual_entry_required"
"651","OTTAWA ROYAL OTTAWA (PSYCH)","https://www.theroyal.ca/about-royal/leadership/senior-leadership-team","Linda Mohri","Senior VP, Patient Care Services","manual_entry_required"
"651","OTTAWA ROYAL OTTAWA (PSYCH)","https://www.theroyal.ca/about-royal/leadership/senior-leadership-team","Laura MacDonald","VP, People and Culture","manual_entry_required"
"651","OTTAWA ROYAL OTTAWA (PSYCH)","https://www.theroyal.ca/about-royal/leadership/senior-leadership-team","Carolyn Jodouin","VP, Finance","manual_entry_required"
"651","OTTAWA ROYAL OTTAWA (PSYCH)","https://www.theroyal.ca/about-royal/leadership/senior-leadership-team","Kristina McGeough","Executive Director","manual_entry_required"
"651","OTTAWA ROYAL OTTAWA (PSYCH)","https://www.theroyal.ca/about-royal/leadership/senior-leadership-team","Domenic Ielo","Executive Director and Interim Chief Nursing Executive","manual_entry_required"
"651","OTTAWA ROYAL OTTAWA (PSYCH)","https://www.theroyal.ca/about-royal/leadership/senior-leadership-team","Stephanie Carter","Executive Director","manual_entry_required"
"651","OTTAWA ROYAL OTTAWA (PSYCH)","https://www.theroyal.ca/about-royal/leadership/senior-leadership-team","Andrea MacLean","Director, Communications","manual_entry_required"
"651","OTTAWA ROYAL OTTAWA (PSYCH)","https://www.theroyal.ca/about-royal/leadership/senior-leadership-team","Dr. Floyd Wood","Interim, Medical Director, Integrated Forensics Program","manual_entry_required"
"650","ELLIOT LAKE ST JOSEPH'S","https://sjghel.ca/about/governance-board/","Kelli-Ann Lemieux","President & CEO, Board Secretary-Treasurer","manual_entry_required"
"650","ELLIOT LAKE ST JOSEPH'S","https://sjghel.ca/about/governance-board/","Dr. Todd Spencer","Chief of Staff","manual_entry_required"
"650","ELLIOT LAKE ST JOSEPH'S","https://sjghel.ca/about/governance-board/","Dr Chris Prescott","Medical Staff President","manual_entry_required"
"650","ELLIOT LAKE ST JOSEPH'S","https://sjghel.ca/about/governance-board/","Leslie Sanders","Chief Nursing Executive","manual_entry_required"
"627","CHAPLEAU SER DE SANTÉ DE CHAPLEAU","https://www.sschs.ca/general/board.html","Natasha Comte","Co-Chief Executive Officer / Director of Finances and Corporate Services","manual_entry_required"
"627","CHAPLEAU SER DE SANTÉ DE CHAPLEAU","https://www.sschs.ca/general/board.html","Jamie Fiaschetti","Co-Chief Executive Officer / Director of Clinical Services","manual_entry_required"
"627","CHAPLEAU SER DE SANTÉ DE CHAPLEAU","https://www.sschs.ca/general/board.html","Dr. Kendra Saari","Chief of Medical Staff","manual_entry_required"
"966","SARNIA BLUEWATER HEALTH","https://www.bluewaterhealth.ca/executive-team","Paula Reaume-Zimmer","President & CEO","manual_entry_required"
"966","SARNIA BLUEWATER HEALTH","https://www.bluewaterhealth.ca/executive-team","Dr. Michel Haddad","Chief of Staff","manual_entry_required"
"966","SARNIA BLUEWATER HEALTH","https://www.bluewaterhealth.ca/executive-team","Bob DeRaad","Vice-President, Clinical Services","manual_entry_required"
"966","SARNIA BLUEWATER HEALTH","https://www.bluewaterhealth.ca/executive-team","Marlene Kerwin","Vice-President, Corporate Services and Chief Financial Officer","manual_entry_required"
"966","SARNIA BLUEWATER HEALTH","https://www.bluewaterhealth.ca/executive-team","Jane Mathews","Vice-President Clinical Support Services and Chief Nursing Executive","manual_entry_required"
"966","SARNIA BLUEWATER HEALTH","https://www.bluewaterhealth.ca/executive-team","Lisa Regan","Vice-President, Care Transitions","manual_entry_required"
"763","PEMBROKE REGIONAL","https://www.pemreghos.org/slt?m=1","Sabine Mersmann","President and CEO","manual_entry_required"
"763","PEMBROKE REGIONAL","https://www.pemreghos.org/slt?m=1","Dr. Declan Rowan","Chief of Staff","manual_entry_required"
"763","PEMBROKE REGIONAL","https://www.pemreghos.org/slt?m=1","Beth Brownlee","Vice President Clinical & Support Services and Chief Nursing Executive","manual_entry_required"
"763","PEMBROKE REGIONAL","https://www.pemreghos.org/slt?m=1","Brent McIntyre","Vice President Human Resources","manual_entry_required"
"763","PEMBROKE REGIONAL","https://www.pemreghos.org/slt?m=1","Scott Coombes","Vice President Finance and Corporate Services and Chief Financial Officer","manual_entry_required"
"974","NORTH BAY NORTH BAY REGIONAL HC","https://nbrhc.on.ca/about-nbrhc/senior-leadership-team/","Paul Heinrich","President & CEO","manual_entry_required"
"974","NORTH BAY NORTH BAY REGIONAL HC","https://nbrhc.on.ca/about-nbrhc/senior-leadership-team/","Lise St. Marseille","Vice President, Mental Health & Addictions","manual_entry_required"
"974","NORTH BAY NORTH BAY REGIONAL HC","https://nbrhc.on.ca/about-nbrhc/senior-leadership-team/","Joanne Laplante","Vice President, Clinical and Chief Nursing Executive","manual_entry_required"
"974","NORTH BAY NORTH BAY REGIONAL HC","https://nbrhc.on.ca/about-nbrhc/senior-leadership-team/","Ryan Jeffers","Vice President of Corporate Services & CFO","manual_entry_required"
"974","NORTH BAY NORTH BAY REGIONAL HC","https://nbrhc.on.ca/about-nbrhc/senior-leadership-team/","Dr. Scott Kerrigan","Chief of Staff","manual_entry_required"
"981","CHATHAM CHATHAM-KENT HEALTH ALLIANC","https://www.ckha.on.ca/senior-team/","Adam Topp","President & CEO","manual_entry_required"
"981","CHATHAM CHATHAM-KENT HEALTH ALLIANC","https://www.ckha.on.ca/senior-team/","Aaron Ryan","Vice President, Performance & Chief Financial Officer","manual_entry_required"
"981","CHATHAM CHATHAM-KENT HEALTH ALLIANC","https://www.ckha.on.ca/senior-team/","Natalie Clark","Chief Nursing Executive","manual_entry_required"
"981","CHATHAM CHATHAM-KENT HEALTH ALLIANC","https://www.ckha.on.ca/senior-team/","Caen Suni","Vice President, Clinical Programs & Operations","manual_entry_required"
"981","CHATHAM CHATHAM-KENT HEALTH ALLIANC","https://www.ckha.on.ca/senior-team/","Dr. Zeke Milkovic","Chief of Staff","manual_entry_required"
"981","CHATHAM CHATHAM-KENT HEALTH ALLIANC","https://www.ckha.on.ca/senior-team/","Justin Turkington","Chief Human Resources Officer","manual_entry_required"
"981","CHATHAM CHATHAM-KENT HEALTH ALLIANC","https://www.ckha.on.ca/senior-team/","Fannie Vavoulis","Director, Communications & Patient Experience","manual_entry_required"
"981","CHATHAM CHATHAM-KENT HEALTH ALLIANC","https://www.ckha.on.ca/senior-team/","Christine Mitchell","CKHA Foundation, President & CEO","manual_entry_required"
"947","TORONTO UNIVERSITY HEALTH NETWORK","https://www.uhn.ca/corporate/AboutUHN/Governance_Leadership/Pages/Our_Leaders.aspx","Dr. Kevin Smith","President and CEO","manual_entry_required"
"947","TORONTO UNIVERSITY HEALTH NETWORK","https://www.uhn.ca/corporate/AboutUHN/Governance_Leadership/Pages/Our_Leaders.aspx","Andrew Boozary","Executive Director, Social Medicine and Population Health","manual_entry_required"
"947","TORONTO UNIVERSITY HEALTH NETWORK","https://www.uhn.ca/corporate/AboutUHN/Governance_Leadership/Pages/Our_Leaders.aspx","Michael Caesar","Chief Data and Analytics Officer","manual_entry_required"
"947","TORONTO UNIVERSITY HEALTH NETWORK","https://www.uhn.ca/corporate/AboutUHN/Governance_Leadership/Pages/Our_Leaders.aspx","Lucas Chartier","Vice President, Quality and Safety","manual_entry_required"
"947","TORONTO UNIVERSITY HEALTH NETWORK","https://www.uhn.ca/corporate/AboutUHN/Governance_Leadership/Pages/Our_Leaders.aspx","Anil Chopra","Vice President, Medical Affairs","manual_entry_required"
"947","TORONTO UNIVERSITY HEALTH NETWORK","https://www.uhn.ca/corporate/AboutUHN/Governance_Leadership/Pages/Our_Leaders.aspx","Darlene Dasent","Executive Vice President & Chief Financial Officer","manual_entry_required"
"947","TORONTO UNIVERSITY HEALTH NETWORK","https://www.uhn.ca/corporate/AboutUHN/Governance_Leadership/Pages/Our_Leaders.aspx","Doug Earle","CEO, West Park Healthcare Centre Foundation","manual_entry_required"
"947","TORONTO UNIVERSITY HEALTH NETWORK","https://www.uhn.ca/corporate/AboutUHN/Governance_Leadership/Pages/Our_Leaders.aspx","Marnie Escaf","Vice President, Clinical","manual_entry_required"
"947","TORONTO UNIVERSITY HEALTH NETWORK","https://www.uhn.ca/corporate/AboutUHN/Governance_Leadership/Pages/Our_Leaders.aspx","Thomas Forbes","Surgeon-in-Chief","manual_entry_required"
"947","TORONTO UNIVERSITY HEALTH NETWORK","https://www.uhn.ca/corporate/AboutUHN/Governance_Leadership/Pages/Our_Leaders.aspx","Carolyn Gosse","Vice President, Clinical","manual_entry_required"
"947","TORONTO UNIVERSITY HEALTH NETWORK","https://www.uhn.ca/corporate/AboutUHN/Governance_Leadership/Pages/Our_Leaders.aspx","Brian Hodges","Executive Vice President, Education & Chief Medical Officer","manual_entry_required"
"947","TORONTO UNIVERSITY HEALTH NETWORK","https://www.uhn.ca/corporate/AboutUHN/Governance_Leadership/Pages/Our_Leaders.aspx","Pam Hubley","Vice President & Chief Nurse Executive","manual_entry_required"
"947","TORONTO UNIVERSITY HEALTH NETWORK","https://www.uhn.ca/corporate/AboutUHN/Governance_Leadership/Pages/Our_Leaders.aspx","Shiran Isaacksz","Vice President, Clinical","manual_entry_required"
"947","TORONTO UNIVERSITY HEALTH NETWORK","https://www.uhn.ca/corporate/AboutUHN/Governance_Leadership/Pages/Our_Leaders.aspx","Shaf Keshavjee","Chief of Innovation","manual_entry_required"
"947","TORONTO UNIVERSITY HEALTH NETWORK","https://www.uhn.ca/corporate/AboutUHN/Governance_Leadership/Pages/Our_Leaders.aspx","Kyla Kumar","Vice President, Communications & Brand Strategy","manual_entry_required"
"947","TORONTO UNIVERSITY HEALTH NETWORK","https://www.uhn.ca/corporate/AboutUHN/Governance_Leadership/Pages/Our_Leaders.aspx","Aimée Langan","Vice President, Clinical","manual_entry_required"
"947","TORONTO UNIVERSITY HEALTH NETWORK","https://www.uhn.ca/corporate/AboutUHN/Governance_Leadership/Pages/Our_Leaders.aspx","Joel Montesanti","Chief Strategy Officer","manual_entry_required"
"947","TORONTO UNIVERSITY HEALTH NETWORK","https://www.uhn.ca/corporate/AboutUHN/Governance_Leadership/Pages/Our_Leaders.aspx","Sarah Muttitt","Vice President & Chief Information Officer","manual_entry_required"
"947","TORONTO UNIVERSITY HEALTH NETWORK","https://www.uhn.ca/corporate/AboutUHN/Governance_Leadership/Pages/Our_Leaders.aspx","Janet Newton","Vice President, Clinical","manual_entry_required"
"947","TORONTO UNIVERSITY HEALTH NETWORK","https://www.uhn.ca/corporate/AboutUHN/Governance_Leadership/Pages/Our_Leaders.aspx","Michael O'Leary","Principal of the Michener Institute of Education","manual_entry_required"
"947","TORONTO UNIVERSITY HEALTH NETWORK","https://www.uhn.ca/corporate/AboutUHN/Governance_Leadership/Pages/Our_Leaders.aspx","Julie Quenneville","CEO, UHN Foundation","manual_entry_required"
"947","TORONTO UNIVERSITY HEALTH NETWORK","https://www.uhn.ca/corporate/AboutUHN/Governance_Leadership/Pages/Our_Leaders.aspx","Rebecca Repa","Executive Vice President, Clinical, Performance and Real Estate","manual_entry_required"
"947","TORONTO UNIVERSITY HEALTH NETWORK","https://www.uhn.ca/corporate/AboutUHN/Governance_Leadership/Pages/Our_Leaders.aspx","Mark Spencer","Executive Vice President, People & Culture","manual_entry_required"
"947","TORONTO UNIVERSITY HEALTH NETWORK","https://www.uhn.ca/corporate/AboutUHN/Governance_Leadership/Pages/Our_Leaders.aspx","Keith Stewart","Vice President, Clinical and Lab Medicine","manual_entry_required"
"947","TORONTO UNIVERSITY HEALTH NETWORK","https://www.uhn.ca/corporate/AboutUHN/Governance_Leadership/Pages/Our_Leaders.aspx","Kathryn Tinckam","Physician-in-Chief","manual_entry_required"
"947","TORONTO UNIVERSITY HEALTH NETWORK","https://www.uhn.ca/corporate/AboutUHN/Governance_Leadership/Pages/Our_Leaders.aspx","Marc Toppings","Vice President & Chief Legal Officer","manual_entry_required"
"947","TORONTO UNIVERSITY HEALTH NETWORK","https://www.uhn.ca/corporate/AboutUHN/Governance_Leadership/Pages/Our_Leaders.aspx","Jake Tran","Vice President, Clinical","manual_entry_required"
"947","TORONTO UNIVERSITY HEALTH NETWORK","https://www.uhn.ca/corporate/AboutUHN/Governance_Leadership/Pages/Our_Leaders.aspx","Aristotle Voineskos","Vice President, UHN-CAMH Partnership","manual_entry_required"
"947","TORONTO UNIVERSITY HEALTH NETWORK","https://www.uhn.ca/corporate/AboutUHN/Governance_Leadership/Pages/Our_Leaders.aspx","Bo Wang","Chief Artificial Intelligence Scientist","manual_entry_required"
"947","TORONTO UNIVERSITY HEALTH NETWORK","https://www.uhn.ca/corporate/AboutUHN/Governance_Leadership/Pages/Our_Leaders.aspx","Brad Wouters","Executive Vice President, Science & Research","manual_entry_required"
"947","TORONTO UNIVERSITY HEALTH NETWORK","https://www.uhn.ca/corporate/AboutUHN/Governance_Leadership/Pages/Our_Leaders.aspx","Miyo Yamashita","President & CEO, The Princess Margaret Cancer Foundation","manual_entry_required"
"850","TORONTO RUNNYMEDE HC","https://runnymedehc.ca/runnymede-difference/about-runnymede/governance/","Connie Dejak","President and Chief Executive Officer","manual_entry_required"
"850","TORONTO RUNNYMEDE HC","https://runnymedehc.ca/runnymede-difference/about-runnymede/governance/","Karimah Alidina","Chief Nursing Executive","manual_entry_required"
"850","TORONTO RUNNYMEDE HC","https://runnymedehc.ca/runnymede-difference/about-runnymede/governance/","Ivo Chopnikolov","Chief Financial Officer","manual_entry_required"
"927","Windsor Hotel Dieu Grace","https://www.hdgh.org/leadership","Bill Marra","President and CEO","manual_entry_required"
"927","Windsor Hotel Dieu Grace","https://www.hdgh.org/leadership","Andrea Steen","Chief of Staff","manual_entry_required"
"927","Windsor Hotel Dieu Grace","https://www.hdgh.org/leadership","Sherri Laframboise","Chief Financial Officer","manual_entry_required"
"927","Windsor Hotel Dieu Grace","https://www.hdgh.org/leadership","Sheri McGeen","Chief Human Resources","manual_entry_required"
"927","Windsor Hotel Dieu Grace","https://www.hdgh.org/leadership","Tammy Kotyk","VP Of Mental Healht and Addictions","manual_entry_required"
"927","Windsor Hotel Dieu Grace","https://www.hdgh.org/leadership","Shannon Landry","VP of Restorative Care and Chief Nursing Officer","manual_entry_required"
